site_id,n_total,n_train,n_test,best_epoch,epochs_trained,accuracy,accuracy_within_2,R2,MAE_visibility,RMSE_visibility,train_loss,test_loss,epoch
SITE4,28,21,7,60,60,0.2857142984867096,0.5714285969734192,-1.40625,2.142857074737549,2.8030595779418945,1.8111595511436462,1.9931188821792603,60
SITE5,40,29,11,60,60,0.1818181872367859,0.5454545617103577,-0.658208966255188,2.454545497894287,3.0301513671875,2.0338977575302124,2.1026711463928223,60
SITE6,47,34,13,16,31,0.23076923191547394,0.5384615659713745,-0.8524340391159058,3.461538553237915,4.649234771728516,1.9785451889038086,2.1058058738708496,16
SITE7,129,98,31,11,26,0.25806450843811035,0.6451612710952759,-0.004285216331481934,1.9032257795333862,2.4691646099090576,2.109884636742728,2.102417230606079,11
SITE8,57,43,14,34,49,0.2142857164144516,0.6428571343421936,-0.7236181497573853,2.0,2.6457512378692627,2.0310643911361694,2.026608467102051,34
SITE10,58,42,16,13,28,0.1875,0.5625,-0.02785670757293701,2.1875,2.657536506652832,2.089425484339396,2.153122663497925,13
SITE11,27,21,6,60,60,0.3333333432674408,0.6666666865348816,-0.384615421295166,2.3333332538604736,3.1622776985168457,1.8958964943885803,1.7644734382629395,60
SITE12,60,44,16,60,60,0.25,0.6875,0.039797842502593994,1.8125,2.4366986751556396,1.9832386175791423,2.042638063430786,60
SITE13,133,104,29,60,60,0.27586206793785095,0.7931034564971924,-0.15895426273345947,1.6206896305084229,2.14154314994812,1.9005145686013358,1.9433334469795227,60
SITE14,34,24,10,60,60,0.20000000298023224,0.6000000238418579,-0.640058159828186,2.5,3.3615472316741943,1.9295631647109985,2.068990468978882,60
SITE15,74,55,19,17,32,0.15789473056793213,0.6315789222717285,-0.16326522827148438,2.3157894611358643,2.8097574710845947,2.1390408873558044,2.062607765197754,17
SITE17,77,56,21,11,26,0.190476194024086,0.3333333432674408,-1.9888129234313965,3.809523820877075,4.670066833496094,2.12049263715744,2.180217146873474,11
SITE18,82,62,20,8,23,0.30000001192092896,0.550000011920929,-0.7081577777862549,2.450000047683716,3.3391613960266113,1.9123603999614716,1.9484719634056091,8
SITE19,198,154,44,60,60,0.25,0.75,-0.016283631324768066,1.5909091234207153,2.132007122039795,1.9041424036026,2.0180113315582275,60
SITE20,33,23,10,60,60,0.20000000298023224,0.5,-0.0824742317199707,2.4000000953674316,2.898275375366211,1.945270597934723,2.01680064201355,60
SITE21,61,47,14,60,60,0.2142857164144516,0.6428571343421936,-0.6002498865127563,2.5,3.615442991256714,1.981461803118388,1.9554086923599243,60
SITE22,281,221,60,60,60,0.4000000059604645,0.8666666746139526,-0.14853549003601074,1.1166666746139526,1.746424913406372,1.5278772626604353,1.5542300641536713,60
SITE24,37,26,11,15,30,0.27272728085517883,0.6363636255264282,-0.13586962223052979,2.0,2.6285150051116943,1.7852001786231995,2.0156497955322266,15
SITE25,100,76,24,15,30,0.2083333283662796,0.6666666865348816,-0.04202842712402344,1.7916666269302368,2.282177448272705,1.9979377746582032,2.1443828344345093,15
SITE26,57,41,16,60,60,0.25,0.625,-0.6136261224746704,2.6875,3.75,1.8315306504567463,1.9696722030639648,60
SITE29,59,42,17,50,60,0.1764705926179886,0.47058823704719543,-0.02285444736480713,2.2941176891326904,2.7546751499176025,2.0195586681365967,2.1719878911972046,50
SITE30,45,32,13,12,27,0.1538461595773697,0.4615384638309479,-0.09314358234405518,2.615384578704834,3.1622776985168457,2.1010613441467285,2.224189043045044,12
SITE33,76,54,22,25,40,0.1818181872367859,0.5909090638160706,-0.011494278907775879,2.090909004211426,2.558408498764038,2.0889484882354736,2.20211398601532,25
SITE35,25,18,7,60,60,0.4285714328289032,0.5714285969734192,-0.8778089284896851,3.5714285373687744,5.223573207855225,1.5581397414207458,1.3529953956604004,60
SITE36,29,19,10,60,60,0.30000001192092896,0.5,-1.0418004989624023,3.5999999046325684,5.039841175079346,1.9148077964782715,1.8740829229354858,60
SITE40,95,71,24,47,60,0.2083333283662796,0.75,-0.010421037673950195,1.7083333730697632,2.051422357559204,1.9487889766693116,2.006493031978607,47
SITE41,132,101,31,56,60,0.19354838132858276,0.6451612710952759,-0.007220149040222168,1.8709677457809448,2.2860021591186523,2.0793553250176564,2.070758104324341,56
SITE42,36,24,12,60,60,0.3333333432674408,0.4166666567325592,-1.2782609462738037,3.5,4.6726155281066895,1.7954326272010803,1.7706036567687988,60
SITE43,73,54,19,60,60,0.15789473056793213,0.4736842215061188,-1.4747898578643799,3.0,3.831998348236084,1.9974113702774048,2.0212573409080505,60
SITE45,86,63,23,60,60,0.21739129722118378,0.47826087474823,-0.4849048852920532,2.7826087474823,3.476630210876465,2.0980146527290344,2.080876588821411,60
SITE48,56,40,16,56,60,0.1875,0.5625,-0.11583924293518066,2.25,2.7156951427459717,1.9913403987884521,2.1195712089538574,56
SITE49,33,23,10,15,30,0.20000000298023224,0.699999988079071,-0.08108103275299072,1.7999999523162842,2.190890312194824,2.0355836153030396,2.180849552154541,15
SITE50,32,24,8,60,60,0.25,0.25,-0.19422149658203125,2.875,3.409545421600342,1.5692589282989502,1.6393563747406006,60
SITE53,53,38,15,59,60,0.20000000298023224,0.6666666865348816,-0.03561043739318848,1.9333332777023315,2.5166115760803223,1.8639507691065471,2.07814359664917,59
SITE58,79,58,21,28,43,0.190476194024086,0.5714285969734192,-0.6594005823135376,2.4761905670166016,3.323795795440674,2.1490625143051147,2.0959362387657166,28
SITE59,43,31,12,60,60,0.1666666716337204,0.25,-1.3125600814819336,3.5833332538604736,4.092676162719727,1.8441858887672424,1.9544247388839722,60
SITE65,41,28,13,12,27,0.23076923191547394,0.4615384638309479,-0.786394476890564,3.076923131942749,3.941885471343994,2.0074344277381897,2.174985647201538,12
SITE66,36,25,11,16,31,0.1818181872367859,0.5454545617103577,-0.010465145111083984,2.090909004211426,2.679891347885132,1.8696051239967346,2.110466718673706,16
SITE73,71,53,18,28,43,0.1666666716337204,0.4444444477558136,-1.0532526969909668,3.722222328186035,4.576509952545166,2.0633347630500793,1.993862271308899,28
SITE75,48,35,13,60,60,0.23076923191547394,0.6153846383094788,-0.1112133264541626,2.076923131942749,2.6746675968170166,1.9438159068425496,2.0734012126922607,60
SITE76,26,19,7,47,60,0.2857142984867096,0.4285714328289032,-1.6677525043487549,4.5714287757873535,5.781744480133057,1.7885697484016418,1.9454400539398193,47
SITE78,36,25,11,15,30,0.27272728085517883,0.4545454680919647,-0.9475408792495728,3.2727272510528564,4.431293487548828,1.97638601064682,2.0888874530792236,15
SITE80,26,20,6,51,60,0.5,0.5,-0.7917807102203369,2.8333332538604736,4.262237071990967,1.5951674580574036,1.2933262586593628,51
SITE81,36,26,10,60,60,0.4000000059604645,0.699999988079071,-0.22207605838775635,2.0999999046325684,3.0495901107788086,1.4418025016784668,1.5829428434371948,60
SITE84,61,45,16,57,60,0.1875,0.6875,-0.1525423526763916,1.75,2.0615527629852295,1.9100451866785686,1.9081573486328125,57
SITE86,34,24,10,16,31,0.20000000298023224,0.699999988079071,-0.052631497383117676,2.0,2.683281421661377,2.023120164871216,2.1756951808929443,16
SITE94,81,60,21,21,36,0.380952388048172,0.5714285969734192,-0.8821454048156738,2.3809523582458496,3.477820873260498,1.8711332082748413,1.6168710589408875,21
SITE95,23,17,6,60,60,0.3333333432674408,0.3333333432674408,-1.178173542022705,3.8333332538604736,5.212165355682373,1.5469364523887634,1.5682287216186523,60
SITE96,21,15,6,60,60,0.1666666716337204,0.5,-0.030303001403808594,2.5,2.915475845336914,1.5816117525100708,1.5704345703125,60
SITE97,25,18,7,60,60,0.4285714328289032,0.4285714328289032,-1.3018019199371338,4.857142925262451,6.458659648895264,0.9790537357330322,1.0505266189575195,60
SITE98,78,58,20,6,21,0.15000000596046448,0.44999998807907104,-1.2206096649169922,3.0999999046325684,3.9115214347839355,2.2126299142837524,2.274576783180237,6
SITE104,48,36,12,37,52,0.25,0.6666666865348816,-0.45511794090270996,1.9166666269302368,2.533113956451416,1.971156398455302,1.8336175680160522,37
SITE106,52,38,14,18,33,0.2142857164144516,0.4285714328289032,-1.2604167461395264,3.4285714626312256,4.208834171295166,2.0126078128814697,2.0777859687805176,18
SITE111,55,40,15,43,58,0.20000000298023224,0.46666666865348816,-0.10294115543365479,2.4000000953674316,3.0550503730773926,1.971691409746806,2.056539297103882,43
SITE115,67,50,17,29,44,0.1764705926179886,0.47058823704719543,-1.4337222576141357,3.058823585510254,3.985266923904419,2.0400646924972534,2.218249797821045,29
SITE116,55,41,14,9,24,0.2142857164144516,0.5714285969734192,-0.7393075227737427,2.642857074737549,3.615442991256714,2.0004169940948486,2.1844091415405273,9
SITE117,105,81,24,45,60,0.2083333283662796,0.6666666865348816,-0.8769353628158569,2.125,2.865018844604492,1.815525233745575,1.986199140548706,45
SITE119,41,29,12,60,60,0.25,0.5833333134651184,-0.03092777729034424,2.3333332538604736,2.886751174926758,1.8578646779060364,1.920983076095581,60
SITE125,27,19,8,19,34,0.25,0.625,-0.31123387813568115,2.375,3.335416078567505,2.1695221662521362,2.198118209838867,19
SITE127,60,44,16,12,27,0.1875,0.75,0.0,1.75,2.2360680103302,2.1035431226094565,2.16131329536438,12
SITE128,71,53,18,14,29,0.1666666716337204,0.5,-0.6288471221923828,2.6111111640930176,3.308238983154297,2.1998786330223083,1.8800249099731445,14
SITE129,59,44,15,11,26,0.20000000298023224,0.4000000059604645,-1.3966481685638428,3.4666666984558105,4.366539478302002,2.141913890838623,2.1984095573425293,11
SITE132,34,26,8,60,60,0.25,0.75,-0.31123387813568115,2.125,3.335416078567505,1.8715198040008545,1.7202589511871338,60
SITE134,26,17,9,58,60,0.3333333432674408,0.3333333432674408,-1.4254236221313477,3.222222328186035,4.2031731605529785,2.3228503465652466,1.8773863315582275,58
SITE156,72,55,17,15,30,0.23529411852359772,0.4117647111415863,-0.5203250646591187,2.588235378265381,3.2175986766815186,1.9987694323062897,1.8165778517723083,15
SITE160,34,24,10,17,32,0.30000001192092896,0.6000000238418579,-0.5239477157592773,2.299999952316284,3.240370273590088,1.8060699105262756,1.9887865781784058,17
SITE161,56,42,14,60,60,0.2857142984867096,0.5714285969734192,-0.31249988079071045,2.142857074737549,2.9277002811431885,1.7816956043243408,1.8357751369476318,60
SITE165,31,24,7,60,60,0.2857142984867096,0.5714285969734192,-0.0972973108291626,2.2857143878936768,2.8784916400909424,2.0228347182273865,1.9236561059951782,60
SITE167,38,27,11,60,60,0.27272728085517883,0.6363636255264282,-0.8333331346511841,2.2727272510528564,3.370999336242676,1.8303958177566528,1.837990164756775,60
SITE168,39,29,10,60,60,0.20000000298023224,0.4000000059604645,-1.1331946849822998,3.700000047683716,4.527692794799805,1.8897680044174194,1.948403239250183,60
SITE169,53,39,14,60,60,0.2857142984867096,0.4285714328289032,-0.8231513500213623,2.7142856121063232,3.4016802310943604,1.766757329305013,1.8620808124542236,60
SITE171,48,34,14,41,56,0.2857142984867096,0.5714285969734192,-1.0351438522338867,2.5714285373687744,3.605551242828369,1.7773267428080242,1.9542276859283447,41
SITE178,41,29,12,60,60,0.25,0.6666666865348816,-0.021276473999023438,1.8333333730697632,2.309401035308838,1.9376803636550903,1.9832566976547241,60
SITE179,109,82,27,21,36,0.18518517911434174,0.6296296119689941,-0.029383182525634766,1.9629629850387573,2.4113926887512207,2.0804918011029563,2.1788978576660156,21
SITE186,78,59,19,6,21,0.21052631735801697,0.4736842215061188,-0.4315890073776245,2.78947377204895,3.5466811656951904,2.127427875995636,2.22296679019928,6
SITE193,55,40,15,20,35,0.3333333432674408,0.5333333611488342,-0.9733213186264038,3.066666603088379,4.366539478302002,2.178595225016276,1.9812006950378418,20
SITE194,80,62,18,11,26,0.2222222238779068,0.8333333134651184,-0.07267439365386963,1.6666666269302368,2.1343746185302734,1.9792887270450592,1.713318109512329,11
SITE198,56,42,14,60,60,0.3571428656578064,0.6428571343421936,-0.9221310615539551,2.142857074737549,3.0937724113464355,1.9070728619893391,1.8412175178527832,60
SITE203,143,110,33,57,60,0.3030303120613098,0.7575757503509521,-0.000513911247253418,1.7575757503509521,2.674231767654419,1.8622464963368006,1.533082664012909,57
SITE205,89,65,24,21,36,0.1666666716337204,0.5416666865348816,-0.39626777172088623,2.4166667461395264,2.972092390060425,2.01239333152771,2.14907968044281,21
SITE207,46,34,12,60,60,0.25,0.8333333134651184,-0.4054054021835327,1.5833333730697632,2.3273732662200928,1.6787540117899578,1.8117320537567139,60
SITE208,52,39,13,59,60,0.1538461595773697,0.38461539149284363,-1.3653030395507812,3.692307710647583,4.454902172088623,2.1245084206263223,2.1684458255767822,59
SITE209,25,17,8,49,60,0.25,0.75,-0.24770641326904297,1.875,2.524876117706299,1.9248132705688477,2.1150217056274414,49
SITE212,27,18,9,60,60,0.2222222238779068,0.2222222238779068,-2.4187276363372803,4.111111164093018,4.8876261711120605,1.966451108455658,2.047621250152588,60
SITE215,143,110,33,6,21,0.3636363744735718,0.5757575631141663,-0.8755452632904053,2.6363637447357178,3.7698967456817627,1.9220011745180403,1.5753509600957234,6
SITE217,60,44,16,54,60,0.3125,0.5625,-0.9259259700775146,2.5,3.605551242828369,1.8946465651194255,1.9701266288757324,54
SITE219,60,45,15,60,60,0.20000000298023224,0.46666666865348816,-0.020408153533935547,2.4000000953674316,2.8284270763397217,1.6912792126337688,1.7762342691421509,60
SITE229,51,37,14,36,51,0.2142857164144516,0.4285714328289032,-0.06443309783935547,2.4285714626312256,2.903200149536133,2.047004501024882,2.158607244491577,36
SITE230,35,24,11,60,60,0.27272728085517883,0.5454545617103577,-0.5776544809341431,2.8181817531585693,4.05642032623291,1.9215916395187378,1.982727289199829,60
SITE231,29,22,7,60,60,0.1428571492433548,0.2857142984867096,-3.0833334922790527,5.285714149475098,6.082762718200684,2.072662591934204,2.157956600189209,60
SITE234,41,30,11,60,60,0.27272728085517883,0.7272727489471436,-0.023936152458190918,1.3636363744735718,1.783765196800232,1.5767343640327454,1.8098654747009277,60
SITE239,56,41,15,59,60,0.13333334028720856,0.46666666865348816,0.0,2.4000000953674316,2.8284270763397217,2.053289453188578,2.0490036010742188,59
SITE240,51,37,14,60,60,0.2142857164144516,0.4285714328289032,-1.2518126964569092,3.142857074737549,4.1747541427612305,2.0075694719950357,2.0205109119415283,60
SITE241,103,78,25,11,26,0.2800000011920929,0.6000000238418579,-0.5832639932632446,2.440000057220459,3.492849826812744,1.9348167419433593,1.9474963545799255,11
SITE244,42,30,12,16,31,0.1666666716337204,0.4166666567325592,-1.3351867198944092,3.5833332538604736,4.51848030090332,2.1519519090652466,2.2056281566619873,16
SITE245,50,35,15,36,51,0.2666666805744171,0.46666666865348816,-1.4922840595245361,3.5333333015441895,4.640402317047119,1.877670685450236,2.0359854698181152,36
SITE251,43,32,11,15,30,0.1818181872367859,0.5454545617103577,-0.041570425033569336,2.1818182468414307,2.7303013801574707,2.1106170415878296,2.2081899642944336,15
SITE253,129,99,30,4,19,0.20000000298023224,0.5666666626930237,-0.9582809209823608,2.633333444595337,3.4785053730010986,2.113363810947963,2.168039917945862,4
SITE256,22,17,5,54,60,0.20000000298023224,0.6000000238418579,-0.42241382598876953,2.200000047683716,2.5690464973449707,2.380794405937195,2.0136477947235107,54
SITE258,43,31,12,60,60,0.25,0.5833333134651184,-0.6666666269302368,2.3333332538604736,3.1622776985168457,1.8230560421943665,2.0125694274902344,60
SITE259,29,20,9,60,60,0.3333333432674408,0.3333333432674408,-1.349118947982788,3.8888888359069824,5.131601333618164,1.9343688488006592,1.8624367713928223,60
SITE261,57,42,15,60,60,0.2666666805744171,0.5333333611488342,-0.9803816080093384,3.0,4.074309825897217,2.1207318703333535,2.101694345474243,60
SITE262,80,60,20,60,60,0.25,0.75,-0.14754104614257812,1.7999999523162842,2.5099802017211914,1.8792849481105804,1.8919070959091187,60
SITE268,44,31,13,11,26,0.23076923191547394,0.4615384638309479,-0.7345767021179199,2.923076868057251,3.7825510501861572,2.0258474349975586,2.184791088104248,11
SITE272,55,42,13,46,60,0.1538461595773697,0.3076923191547394,-2.1777777671813965,4.307692527770996,5.203548908233643,1.952583869298299,1.9824068546295166,46
SITE276,49,37,12,30,45,0.25,0.75,-0.0019418001174926758,1.4166666269302368,1.8929693698883057,1.9044118324915569,1.8716793060302734,30
SITE301,28,23,5,22,37,1.0,1.0,1.0,0.0,0.0,0.45455341413617134,0.0778491199016571,22
SITE304,22,17,5,60,60,0.6000000238418579,0.6000000238418579,-0.66015625,2.5999999046325684,4.123105525970459,1.5087681412696838,1.1919221878051758,60
SITE309,48,35,13,60,60,0.3076923191547394,0.38461539149284363,-1.328740119934082,3.461538553237915,4.582575798034668,1.866356094678243,1.945263147354126,60
SITE310,27,20,7,17,32,0.2857142984867096,0.4285714328289032,-1.4144384860992432,3.2857143878936768,4.292851448059082,1.8173649311065674,2.013077735900879,17
SITE322,36,27,9,58,60,0.5555555820465088,0.6666666865348816,-0.5414361953735352,1.5555555820465088,2.624669313430786,1.1541496515274048,1.5341477394104004,58
SITE323,36,27,9,60,60,0.4444444477558136,0.5555555820465088,-0.95652174949646,2.444444417953491,3.4960296154022217,1.3769406080245972,1.5687841176986694,60
SITE324,63,46,17,4,19,0.29411765933036804,0.4117647111415863,-1.4580721855163574,3.588235378265381,4.658957481384277,2.133765379587809,2.272584557533264,4
SITE325,34,26,8,21,36,0.375,0.625,-0.54347825050354,3.0,4.213074684143066,1.8473029136657715,1.7711095809936523,21
SITE327,67,51,16,60,60,0.25,0.3125,-2.008366346359253,4.1875,5.165994644165039,1.6138674914836884,1.907141923904419,60
SITE330,50,36,14,60,60,0.2857142984867096,0.5,-1.302931785583496,2.857142925262451,3.7984960079193115,1.8719817797342937,2.0212795734405518,60
SITE331,28,21,7,60,60,0.4285714328289032,0.4285714328289032,-1.0810811519622803,2.857142925262451,3.964124917984009,1.7286413311958313,1.7699686288833618,60
SITE332,36,27,9,60,60,0.4444444477558136,0.6666666865348816,-0.9285714626312256,1.4444444179534912,2.0816659927368164,1.6445817351341248,1.5296682119369507,60
SITE333,23,18,5,34,49,0.6000000238418579,0.800000011920929,-0.4166666269302368,1.0,1.8439089059829712,1.776055932044983,1.104525089263916,34
SITE334,50,38,12,60,60,0.3333333432674408,0.3333333432674408,-1.5410335063934326,3.25,4.173327922821045,1.7473934888839722,1.8543013334274292,60
SITE336,23,18,5,35,50,0.6000000238418579,0.800000011920929,-0.5625,1.2000000476837158,2.0,1.8047627210617065,1.3033623695373535,35
SITE338,20,15,5,60,60,0.6000000238418579,0.800000011920929,-0.625,1.0,1.6124515533447266,1.2282463312149048,1.3832416534423828,60
SITE339,27,19,8,21,36,0.25,0.375,-1.7409470081329346,3.125,3.9210968017578125,1.6404780149459839,2.021054267883301,21
SITE340,43,31,12,14,29,0.3333333432674408,0.5,-1.1620314121246338,2.5833332538604736,3.523729085922241,1.9168056845664978,2.037158250808716,14
SITE343,48,36,12,59,60,0.3333333432674408,0.3333333432674408,-1.5228033065795898,3.0833332538604736,3.9686269760131836,1.3171511093775432,1.7739474773406982,59
SITE345,28,21,7,42,57,0.4285714328289032,0.5714285969734192,-0.827206015586853,2.142857074737549,3.1847853660583496,1.4088444113731384,1.7857928276062012,42
SITE353,35,27,8,60,60,0.625,0.625,-0.5384615659713745,1.75,2.9580399990081787,0.8862190842628479,1.2419167757034302,60
SITE355,37,28,9,60,60,0.5555555820465088,0.6666666865348816,-0.4839141368865967,2.1111111640930176,3.696845531463623,1.323815107345581,1.4327443838119507,60
SITE358,54,40,14,60,60,0.3571428656578064,0.5714285969734192,-0.8827588558197021,2.2857143878936768,3.3380918502807617,1.4555094242095947,1.805099606513977,60
SITE360,31,23,8,60,60,0.5,0.75,-0.5044776201248169,1.625,2.8062429428100586,1.2410480082035065,1.5745491981506348,60
SITE361,25,18,7,29,44,0.4285714328289032,0.4285714328289032,-1.1654675006866455,2.5714285373687744,3.505098342895508,1.5538452863693237,1.8860934972763062,29
SITE362,41,30,11,60,60,0.3636363744735718,0.5454545617103577,-0.963050365447998,3.1818182468414307,4.542726516723633,1.6842886209487915,1.862888216972351,60
SITE363,45,34,11,45,60,0.5454545617103577,0.6363636255264282,-0.5640624761581421,1.7272727489471436,2.876234769821167,1.5886355638504028,1.4815047979354858,45
SITE366,44,32,12,45,60,0.3333333432674408,0.4166666567325592,-1.43626070022583,3.25,4.2328081130981445,1.7629149556159973,1.8773972988128662,45
SITE367,32,24,8,60,60,0.625,0.625,-0.46201229095458984,1.875,3.335416078567505,1.111268162727356,1.3311002254486084,60
SITE375,25,19,6,60,60,0.5,0.6666666865348816,-0.5767918825149536,2.1666667461395264,3.582364082336426,1.51587975025177,1.5308716297149658,60
SITE376,35,26,9,60,60,0.3333333432674408,0.4444444477558136,-1.185185194015503,2.6666667461395264,3.620926856994629,1.6484777927398682,1.6547024250030518,60
SITE377,50,38,12,24,39,0.4166666567325592,0.5833333134651184,-0.8181818723678589,2.25,3.3541018962860107,1.648103396097819,1.8301112651824951,24
SITE380,32,24,8,60,60,0.375,0.375,-1.2425446510314941,3.125,4.198214054107666,1.8458285927772522,1.6893420219421387,60
SITE383,20,16,4,60,60,0.5,0.5,-0.8888888359069824,2.0,2.915475845336914,1.7453508377075195,1.654345989227295,60
SITE385,34,25,9,60,60,0.2222222238779068,0.4444444477558136,-1.4464285373687744,3.0,3.901566743850708,1.8699066638946533,1.9295991659164429,60
SITE386,43,32,11,60,60,0.4545454680919647,0.6363636255264282,-0.8095855712890625,2.2727272510528564,3.397860288619995,1.3643171191215515,1.647472620010376,60
SITE388,20,13,7,23,38,0.2857142984867096,0.5714285969734192,-1.2427184581756592,2.2857143878936768,3.0705978870391846,1.7945867776870728,2.041154146194458,23
SITE389,48,37,11,60,60,0.6363636255264282,0.7272727489471436,-0.3656883239746094,1.6363636255264282,3.1622776985168457,1.1172754367192586,1.2539629936218262,60
SITE397,58,44,14,60,60,0.2142857164144516,0.4285714328289032,-1.5289020538330078,3.2857143878936768,4.225771427154541,2.037887533505758,2.093809127807617,60
SITE401,26,19,7,49,60,0.5714285969734192,0.5714285969734192,-0.6550389528274536,1.8571428060531616,2.9519970417022705,0.7486886084079742,1.4573622941970825,49
SITE404,21,15,6,31,46,0.3333333432674408,0.5,-1.3499999046325684,3.0,3.9581141471862793,1.6984384059906006,1.9354197978973389,31
SITE406,25,19,6,60,60,0.3333333432674408,0.6666666865348816,-0.14893627166748047,2.1666667461395264,3.240370273590088,2.0715742111206055,1.8478028774261475,60
SITE407,28,21,7,52,60,0.7142857313156128,0.8571428656578064,-0.23333334922790527,1.0,2.2990682125091553,0.9037990570068359,1.0569175481796265,52
SITE411,133,104,29,48,60,0.27586206793785095,0.6206896305084229,-0.6358580589294434,2.034482717514038,2.710134267807007,1.8731754847935267,1.9757338762283325,48
SITE417,101,77,24,6,21,0.25,0.625,-0.010238885879516602,1.9166666269302368,2.4832773208618164,2.115318536758423,2.1532022953033447,6
SITE420,57,42,15,13,28,0.20000000298023224,0.6666666865348816,-0.09345793724060059,1.8666666746139526,2.280350923538208,2.088203231493632,2.1429994106292725,13
SITE421,39,28,11,60,60,0.3636363744735718,0.5454545617103577,-0.9719225168228149,2.7272727489471436,3.88470196723938,1.8714129328727722,1.883664846420288,60
SITE422,41,28,13,60,60,0.1538461595773697,0.6153846383094788,-0.004175305366516113,2.0,2.3858556747436523,2.048695683479309,2.16180682182312,60
SITE424,24,18,6,60,60,0.6666666865348816,0.6666666865348816,-0.40322577953338623,1.6666666269302368,3.109126329421997,0.8540724068880081,1.2226130962371826,60
SITE426,60,45,15,60,60,0.3333333432674408,0.46666666865348816,-0.41509437561035156,2.4000000953674316,3.0550503730773926,1.5403512716293335,1.778915524482727,60
SITE430,33,24,9,13,28,0.3333333432674408,0.4444444477558136,-1.3648390769958496,4.222222328186035,5.557777404785156,1.744377076625824,2.0011038780212402,13
SITE434,41,29,12,38,53,0.25,0.5,-0.1463414430618286,2.1666667461395264,2.798809289932251,1.9203338027000427,2.109651565551758,38
SITE435,32,23,9,60,60,0.3333333432674408,0.4444444477558136,-1.1329481601715088,3.1111111640930176,4.268749237060547,1.7590168714523315,1.9534928798675537,60
SITE437,63,45,18,42,57,0.1666666716337204,0.5555555820465088,-0.29861438274383545,2.3888888359069824,2.896358013153076,2.115592360496521,2.2085498571395874,42
SITE438,56,41,15,14,29,0.20000000298023224,0.5333333611488342,-1.5798869132995605,2.7333333492279053,3.492849826812744,1.9729683796564739,2.0842783451080322,14
SITE439,48,35,13,12,27,0.23076923191547394,0.4615384638309479,-0.12264156341552734,2.384615421295166,3.0255322456359863,1.7774011294047039,2.0697450637817383,12
SITE442,71,52,19,11,26,0.2631579041481018,0.5789473652839661,-0.727893590927124,2.6842105388641357,3.649080514907837,2.1749919056892395,1.937713623046875,11
SITE443,20,14,6,26,41,0.3333333432674408,0.5,-1.057554006576538,3.5,4.88193941116333,1.6808617115020752,1.9775569438934326,26
SITE446,68,50,18,7,22,0.1666666716337204,0.6111111044883728,-0.3769470453262329,2.722222328186035,3.5039660930633545,2.137890875339508,2.246473550796509,7
SITE447,21,16,5,60,60,0.20000000298023224,0.20000000298023224,-2.691588878631592,4.800000190734863,5.621387958526611,1.8476728200912476,1.8993438482284546,60
SITE454,28,21,7,14,29,0.5714285969734192,0.5714285969734192,-0.6666666269302368,2.0,3.1622776985168457,1.4306778311729431,1.5675569772720337,14
SITE455,31,22,9,41,56,0.2222222238779068,0.4444444477558136,-1.3441860675811768,3.777777671813965,4.9888763427734375,2.0067525506019592,2.17720365524292,41
SITE460,20,16,4,60,60,0.25,0.25,-2.6315789222717285,5.0,5.8736701011657715,1.9374191761016846,1.8177506923675537,60
SITE461,20,15,5,60,60,0.20000000298023224,0.4000000059604645,-0.004464268684387207,2.5999999046325684,3.0,2.014108180999756,2.1463353633880615,60
SITE463,26,20,6,60,60,0.3333333432674408,0.5,-1.3738317489624023,3.5,4.600724697113037,1.5287585854530334,1.6596506834030151,60
SITE464,36,28,8,60,60,0.5,0.5,-0.8992805480957031,3.125,4.541475296020508,1.6533715724945068,1.6189329624176025,60
SITE468,24,18,6,60,60,0.3333333432674408,0.5,-0.44642841815948486,2.3333332538604736,3.0,2.129570245742798,1.811279058456421,60
SITE469,20,16,4,60,60,0.5,1.0,-0.8181818723678589,0.75,1.1180340051651,1.5269238948822021,1.365480899810791,60
SITE471,66,49,17,13,28,0.3529411852359772,0.4117647111415863,-1.1710231304168701,3.2941176891326904,4.485270023345947,1.9306619763374329,1.298716515302658,13
SITE474,22,16,6,60,60,0.1666666716337204,0.3333333432674408,-0.36000001430511475,2.5,2.915475845336914,1.9696495532989502,2.0060744285583496,60
SITE477,50,36,14,9,24,0.4285714328289032,0.5714285969734192,-0.8307693004608154,2.5714285373687744,3.817254066467285,1.6786983807881672,1.9160947799682617,9
SITE483,33,24,9,15,30,0.2222222238779068,0.3333333432674408,-2.2837841510772705,4.333333492279053,5.196152210235596,1.9542239904403687,2.123276948928833,15
SITE485,43,33,10,47,60,0.20000000298023224,0.20000000298023224,-3.1869916915893555,5.599999904632568,6.418722629547119,1.6266041199366252,1.8475961685180664,47
SITE486,25,19,6,33,48,0.6666666865348816,0.6666666865348816,-0.4909090995788574,1.5,2.6140644550323486,1.665163278579712,1.225548267364502,33
SITE490,52,39,13,55,60,0.3076923191547394,0.4615384638309479,-1.3064515590667725,2.769230842590332,3.679464817047119,1.5770622094472249,1.9142249822616577,55
SITE492,25,19,6,60,60,0.3333333432674408,0.6666666865348816,-0.550561785697937,1.5,1.9578900337219238,1.1645049750804901,1.6243928670883179,60
SITE506,44,34,10,51,60,0.5,0.6000000238418579,-0.6129032373428345,1.899999976158142,3.082206964492798,1.1943007707595825,1.311267375946045,51
SITE508,115,88,27,60,60,0.29629629850387573,0.48148149251937866,-1.236764907836914,3.222222328186035,4.333333492279053,1.8773556351661682,1.9945747256278992,60
SITE510,26,20,6,55,60,0.5,0.5,-0.725321888923645,2.1666667461395264,3.34165620803833,1.926215946674347,1.2946891784667969,55
SITE520,69,53,16,60,60,0.3125,0.375,-1.4205353260040283,3.1875,4.160829067230225,1.5918696224689484,1.9195736646652222,60
SITE521,60,43,17,48,60,0.29411765933036804,0.47058823704719543,-1.4166667461395264,4.0,5.224377155303955,1.8758254448572795,1.7562783360481262,48
SITE522,75,57,18,35,50,0.3888888955116272,0.4444444477558136,-1.1478772163391113,3.1111111640930176,4.2557148933410645,1.5985860526561737,1.7585434317588806,35
SITE528,45,34,11,60,60,0.4545454680919647,0.5454545617103577,-0.9085173606872559,2.1818182468414307,3.1622776985168457,1.8435776631037395,1.6145811080932617,60
SITE538,28,21,7,60,60,0.2857142984867096,0.2857142984867096,-1.7396166324615479,4.714285850524902,5.916079998016357,1.5121726393699646,1.6383417844772339,60
SITE539,24,17,7,60,60,0.4285714328289032,0.4285714328289032,-1.271634578704834,3.2857143878936768,4.391550540924072,1.6401376128196716,1.5618473291397095,60
SITE540,22,16,6,60,60,0.3333333432674408,0.5,-1.1235954761505127,3.3333332538604736,4.582575798034668,1.5259413719177246,1.8645811080932617,60
SITE541,31,22,9,60,60,0.3333333432674408,0.3333333432674408,-1.635213851928711,4.55555534362793,5.783116817474365,1.6865628957748413,1.7113721370697021,60
SITE542,31,23,8,60,60,0.5,0.625,0.3333333134651184,1.75,2.7386128902435303,1.6631150841712952,1.5987508296966553,60
SITE545,35,26,9,60,60,0.2222222238779068,0.6666666865348816,-0.11538457870483398,2.3333332538604736,3.109126329421997,1.5861812233924866,1.8370813131332397,60
SITE547,24,17,7,60,60,0.4285714328289032,0.4285714328289032,-1.2604165077209473,4.714285850524902,6.313251495361328,1.1784052848815918,1.1825110912322998,60
SITE556,21,15,6,60,60,0.3333333432674408,0.5,-0.1299734115600586,2.5,3.4399611949920654,1.7681001424789429,1.9385056495666504,60
SITE557,74,55,19,29,44,0.15789473056793213,0.6315789222717285,-0.04343140125274658,2.263157844543457,2.8377158641815186,2.027065932750702,2.0913842916488647,29
SITE561,48,33,15,15,30,0.13333334028720856,0.20000000298023224,-3.083498001098633,5.266666889190674,6.060802936553955,1.9629696210225422,2.2052035331726074,15
SITE563,33,23,10,17,32,0.30000001192092896,0.699999988079071,-0.29411768913269043,2.299999952316284,3.1464264392852783,1.5535863041877747,1.8848174810409546,17
SITE564,34,25,9,45,60,0.2222222238779068,0.3333333432674408,-2.085106134414673,4.666666507720947,5.676462173461914,1.9437857866287231,2.08648943901062,45
SITE568,24,17,7,60,60,0.1428571492433548,0.1428571492433548,-3.280120849609375,4.714285850524902,5.385164737701416,1.8539061546325684,1.691870927810669,60
SITE569,48,37,11,60,60,0.27272728085517883,0.7272727489471436,-0.012747883796691895,1.7272727489471436,2.4308621883392334,1.6025426387786865,1.788405418395996,60
SITE572,30,22,8,60,60,0.25,0.75,-0.21043479442596436,2.375,3.2977263927459717,1.7457574009895325,1.893221139907837,60
SITE574,24,15,9,33,48,0.2222222238779068,0.4444444477558136,-1.5012986660003662,3.777777671813965,4.876246452331543,1.8726738691329956,2.0740411281585693,33
SITE575,57,42,15,9,24,0.20000000298023224,0.6000000238418579,-0.446499228477478,2.4000000953674316,3.1198291778564453,2.0734445651372275,2.1912789344787598,9
SITE577,34,25,9,60,60,0.3333333432674408,0.3333333432674408,-1.5652174949645996,4.0,5.120763778686523,1.6791430711746216,1.7264419794082642,60
SITE578,29,22,7,44,59,0.2857142984867096,0.5714285969734192,-1.7045457363128662,2.142857074737549,2.6992061138153076,1.5940409898757935,1.4340120553970337,44
SITE580,22,16,6,28,43,0.3333333432674408,0.5,-0.48000001907348633,2.6666667461395264,3.5118844509124756,1.6841169595718384,1.946385145187378,28
SITE581,39,29,10,60,60,0.4000000059604645,0.6000000238418579,-0.30124783515930176,1.899999976158142,2.7018513679504395,1.5862183570861816,1.7192825078964233,60
SITE584,27,19,8,41,56,0.375,0.5,-0.863013744354248,2.625,3.8568122386932373,1.2605385184288025,1.715923547744751,41
SITE587,30,22,8,60,60,0.375,0.5,-1.0864381790161133,3.375,4.677071571350098,1.6705162525177002,1.8453025817871094,60
SITE593,44,33,11,12,27,0.3636363744735718,0.7272727489471436,-0.3487738370895386,2.0,2.8603878021240234,1.5545690059661865,1.9725199937820435,12
SITE595,72,54,18,36,51,0.2777777910232544,0.4444444477558136,-0.5996676683425903,2.6666667461395264,3.4480268955230713,1.7535905539989471,1.7218825221061707,36
SITE597,28,20,8,60,60,0.25,0.5,-0.002277851104736328,2.125,2.6220221519470215,1.8607086539268494,1.6469366550445557,60
SITE598,28,21,7,56,60,0.2857142984867096,0.5714285969734192,-1.0416667461395264,2.142857074737549,3.0,1.588152825832367,1.809584617614746,56
SITE601,33,25,8,60,60,0.25,0.25,-2.555555582046509,5.75,6.78233003616333,1.5593029856681824,1.6065826416015625,60
SITE602,53,41,12,42,57,0.3333333432674408,0.75,-0.22525322437286377,2.0833332538604736,3.3040380477905273,1.6237766345342,1.8080763816833496,42
SITE606,49,34,15,14,29,0.2666666805744171,0.6000000238418579,-0.9104993343353271,3.066666603088379,4.442221641540527,1.8842957019805908,1.9607969522476196,14
SITE607,40,28,12,17,32,0.1666666716337204,0.25,-2.846977949142456,5.083333492279053,5.909032821655273,1.9761821031570435,2.1038763523101807,17
SITE610,38,28,10,60,60,0.20000000298023224,0.30000001192092896,-2.0076003074645996,4.300000190734863,5.2630791664123535,2.085932493209839,2.129343032836914,60
SITE612,59,45,14,60,60,0.2857142984867096,0.3571428656578064,-1.4694445133209229,3.2857143878936768,4.259443283081055,1.8673990964889526,1.8773232698440552,60
SITE616,48,35,13,15,30,0.23076923191547394,0.5384615659713745,-1.2392761707305908,3.307692289352417,4.44625997543335,1.9724186261494954,2.075413465499878,15
SITE617,36,26,10,60,60,0.20000000298023224,0.6000000238418579,-0.10638296604156494,2.4000000953674316,3.224903106689453,1.7719410061836243,2.0023117065429688,60
SITE620,57,40,17,15,30,0.29411765933036804,0.529411792755127,-0.9558122158050537,2.882352828979492,4.123105525970459,1.9511931737263997,1.5716629028320312,15
SITE622,48,35,13,11,26,0.23076923191547394,0.6153846383094788,-0.02111494541168213,2.076923131942749,2.6746675968170166,1.8694055875142415,2.1614699363708496,11
SITE623,30,22,8,60,60,0.25,0.875,-0.6666666269302368,1.25,1.5811388492584229,1.3946455717086792,1.713317632675171,60
SITE624,28,19,9,58,60,0.2222222238779068,0.7777777910232544,-0.10986554622650146,1.8888888359069824,2.4720661640167236,2.1330426931381226,2.061854839324951,58
SITE626,35,25,10,60,60,0.30000001192092896,0.699999988079071,-0.4479254484176636,2.700000047683716,4.135214805603027,1.8546581268310547,1.8464065790176392,60
SITE629,48,35,13,59,60,0.23076923191547394,0.6153846383094788,-0.11818182468414307,2.384615421295166,3.0759613513946533,1.819390853246053,2.0235543251037598,59
SITE639,44,33,11,60,60,0.1818181872367859,0.27272728085517883,-2.420167922973633,4.363636493682861,5.187397003173828,1.9684319098790486,2.103598117828369,60
SITE648,24,17,7,21,36,0.2857142984867096,0.4285714328289032,-1.3832237720489502,4.142857074737549,5.437961578369141,1.493752121925354,2.0935521125793457,21
SITE658,56,40,16,12,27,0.1875,0.5625,-0.1269841194152832,2.375,2.9790937900543213,2.0708889961242676,2.1901979446411133,12
SITE683,29,22,7,60,60,0.4285714328289032,0.7142857313156128,-1.0999999046325684,1.5714285373687744,2.1712405681610107,1.4420838952064514,1.3291301727294922,60
SITE684,53,39,14,60,60,0.1428571492433548,0.2142857164144516,-3.465823173522949,5.285714149475098,6.0,1.9833588600158691,2.1099467277526855,60
SITE692,61,46,15,60,60,0.20000000298023224,0.3333333432674408,-1.1951217651367188,3.200000047683716,3.7947330474853516,1.800548752148946,1.9369701147079468,60
SITE719,65,49,16,32,47,0.25,0.6875,-0.11627912521362305,2.1875,2.9047374725341797,1.7972322404384613,2.03006911277771,32
SITE721,48,36,12,60,60,0.1666666716337204,0.5833333134651184,-0.00309598445892334,2.5,3.0,1.7818732261657715,1.9747717380523682,60
SITE722,62,48,14,44,59,0.2857142984867096,0.7142857313156128,-0.03600013256072998,1.7142857313156128,2.2990682125091553,1.8107908169428508,1.8574631214141846,44
SITE725,32,23,9,18,33,0.2222222238779068,0.4444444477558136,-1.6351351737976074,3.6666667461395264,4.6547465324401855,2.048282265663147,2.1648590564727783,18
SITE734,49,36,13,60,60,0.3076923191547394,0.692307710647583,-0.3112069368362427,2.076923131942749,3.0,1.7935598691304524,1.880217432975769,60
SITE735,64,47,17,7,22,0.1764705926179886,0.47058823704719543,-0.7399328947067261,2.941176414489746,3.788527727127075,2.164722998936971,2.288477897644043,7
SITE739,39,29,10,60,60,0.20000000298023224,0.5,-0.001267552375793457,2.299999952316284,2.8106939792633057,2.0032585859298706,2.0194854736328125,60
SITE747,128,98,30,47,60,0.20000000298023224,0.6000000238418579,-0.4508579969406128,2.299999952316284,3.0495901107788086,2.026673538344247,2.1488612294197083,47
SITE760,156,123,33,33,48,0.8787878751754761,0.9090909361839294,-0.03580904006958008,0.4545454680919647,1.4668043851852417,0.3570484798401594,0.41652050117651623,33
SITE786,33,23,10,18,33,0.20000000298023224,0.699999988079071,-0.4893617630004883,2.700000047683716,4.012480735778809,1.709887146949768,1.9701271057128906,18
SITE801,27,19,8,60,60,0.25,0.75,-0.18518519401550293,2.0,3.1622776985168457,1.9237875938415527,1.7480082511901855,60
SITE802,33,24,9,60,60,0.3333333432674408,0.6666666865348816,-0.8138459920883179,2.555555582046509,3.8151743412017822,1.64167320728302,1.8335974216461182,60
SITE807,23,16,7,60,60,0.2857142984867096,0.5714285969734192,-1.38942289352417,2.4285714626312256,3.1847853660583496,1.6453205347061157,1.8042408227920532,60
SITE808,21,14,7,60,60,0.2857142984867096,0.4285714328289032,-1.605726957321167,3.857142925262451,4.913537979125977,1.8258640766143799,1.9612910747528076,60
SITE821,32,22,10,60,60,0.30000001192092896,0.30000001192092896,-1.6372442245483398,3.9000000953674316,4.949747562408447,1.8417094945907593,1.7808862924575806,60
SITE831,40,29,11,60,60,0.1818181872367859,0.27272728085517883,-2.0992062091827393,4.181818008422852,5.081159591674805,2.047767162322998,2.127638101577759,60
SITE844,28,21,7,60,60,0.4285714328289032,0.7142857313156128,-0.02812492847442627,1.5714285373687744,2.591193914413452,1.418141782283783,1.6133017539978027,60
SITE852,59,45,14,60,60,0.2142857164144516,0.5714285969734192,-0.264797568321228,2.2857143878936768,2.8784916400909424,2.106938600540161,2.0993399620056152,60
SITE871,25,18,7,18,33,0.2857142984867096,0.4285714328289032,-1.2472326755523682,3.7142856121063232,4.98569393157959,1.5484894514083862,2.037149429321289,18
OVERALL,3232,9303,3232,0,0,0.28094059228897095,0.5566213130950928,-0.5753469467163086,2.5931313037872314,3.5854578018188477,0.0,0.0,0
